,title,original_text,facebook_m2m,url
0,Podemos completa su desconexión de Sumar y toma posición de cara a la investidura de Sánchez,"El partido refuerza su autonomía frente a Yolanda Díaz en vísperas de la votación de investidura y abre la puerta a replantearse sus alianzas con otras fuerzas de la izquierda, como los comuns.
El refuerzo político e identitario de Podemos al margen de Sumar y de la correlación actual de fuerzas en el espacio de la izquierda alternativa ya es un mandato militante de la organización. Este sábado el partido ha anunciado la aprobación del texto que sienta las bases de la hoja de ruta que los de Ione Belarra seguirán de ahora en adelante, a días de la eventual investidura que afrontará Pedro Sánchez.
El documento sienta las bases o líneas generales de una estrategia cuyo alcance se verá en los próximos meses, pero que deja abierta la puerta a un giro profundo en el escenario no sólo de la legislatura, sino de la izquierda.
Para ejemplo, el de la doble militancia. El texto recoge la prohibición de la doble militancia en el seno de la organización, es decir, que un inscrito de Podemos no puede estar afiliado a otra formación política. Esta regla se ha interpretado en muchos sentidos, y en un principio se llegó a relacionar con la posibilidad de que personas de Podemos que actualmente están muy vinculadas a Sumar, como el secretario de Estado de Derechos Sociales, Nacho Álvarez, no pudieran tener una doble afiliación formal.
Sin embargo, este sábado la secretaria general de Podem (la marca de Podemos en Catalunya), Conchi Abellán, avanzó en el acto de presentación del documento que la norma de la doble militancia anticipa una “hoja de ruta propia” y decisiones propias para un Podem que comparte muchos espacios con los comuns de Ada Colau (aunque en ningún caso tiene lugar en la actualidad una doble militancia en Catalunya).
Las declaraciones de Abellán eran un aviso a navegantes de lo que el partido pretende trasladar con el documento político aprobado este sábado: Podemos tiene una serie de objetivos propios que no subsumirá en ninguna otra hoja de ruta, tampoco la de Sumar.
Diferencias políticas y estratégicas con Sumar
Si algo deja claro el texto (y también el acto de este sábado) es que las diferencias organizativas y personales entre la formación morada y los de Yolanda Díaz no son solo fruto de las tensiones vividas en el último año y medio, llevadas al extremo en el acuerdo electoral que excluyó a Irene Montero de las listas; Podemos tiene diferencias políticas y estratégicas de calado con Sumar.
En el documento se rechazan dos de los principios que Yolanda Díaz han convertido en sus símbolos de identidad: el trabajo discreto y en silencio y la huida de la polarización y la confrontación políticas. En el texto Podemos defiende el ruido para lograr objetivos políticos: “la gente corriente siempre tiene poco que ganar en los despachos a puerta cerrada y mucho que ganar cuando los debates se abren a la calle. Sin ruido, un Gobierno de coalición es retroceso y asimilación de la fuerza más transformadora a la más conservadora”, reza el texto.
“El silencio siembra antipolítica, levantarse con unos y con otras y hacer mucho ruido es la semilla de la esperanza, las cosas son posibles porque el pueblo quiere que sean posibles. Callar es renunciar y conformarse, dejar que manden los que han mandado hasta ahora. Los besos y los abrazos se dan enseñando los dientes a los poderosos”, apuntalaba Irene Montero, número dos del partido, en el acto de este sábado.
Una de las conclusiones de esta reflexión que ha hecho el partido es que el proceso de confluencia de las izquierdas en torno a Sumar de los últimos meses ha sido “una operación que tenía por objetivo sustituir a Podemos por una izquierda servil al régimen. No somos ese tipo de proyecto político y, ante todo, no lo queremos ser”, avanzó Ione Belarra.
El cambio de rumbo de la organización se produce en vísperas de una eventual investidura del secretario general del PSOE, Pedro Sánchez, que trata en la actualidad de conseguir los apoyos necesarios para superar este trámite parlamentario. Uno de los puntos del texto recoge que “en cualquier caso, los votos de los y las representantes de Podemos en las instituciones se deben negociar y nunca se regalan”.
Un Gobierno de coalición «de anécdota»
Belarra y Montero denunciaron en el acto que, a su juicio, el Ejecutivo que están negociando Sánchez y Díaz es un Gobierno “en el que sólo manda el PSOE, en el que Sánchez hace y deshace a su antojo”. “Ahora quieren que ese Gobierno de coalición sea una anécdota y dicen que nuestro camino de transformación ha terminado. La única fórmula mágica que se les ha ocurrido es intentar sustituir a Podemos por otro partido que no incomode a los que mandan sin presentarse a las elecciones”, defendieron.
Con este documento, que ha recibido numerosas aportaciones de la militancia en el último mes, Podemos da carpetazo a la hoja de ruta que se fijó el partido en la última Asamblea Ciudadana, y que tenía como base “hacer presidenta a Yolanda Díaz” y tejer un espacio en el que Belarra reforzara la organización política mientras la dirigente de Sumar buscaba ensanchar el espacio en su conjunto.
Esta colaboración se ha ido dañando en el último año y medio, y terminó de dinamitarse tras el acuerdo electoral del mes de junio par concurrir al 23J. Ahora la ruptura con esa estrategia queda escrita, rubricada y refrendada por la militancia de Podemos; se abre un nuevo escenario incierto en el espacio de la izquierda alternativa.","The party reinforces its autonomy against Yolanda Díaz on the eve of the voting of investors and opens the door to rethinking its alliances with other left forces, such as the communes.
The political and identity reinforcement of Podemos on the sidelines of Sumar and the current correlation of forces in the space of the alternative left is already a militant mandate of the organization. This Saturday the party announced the approval of the text that sets the bases of the route sheet that Ione Belarra will follow from now on, days of the eventual investorship that will face Pedro Sánchez.
The document sets the bases or general lines of a strategy whose scope will be seen in the coming months, but which leaves the door open to a deep turn in the stage not only of the legislature, but of the left.
For example, the double militancy. The text includes the prohibition of double militance within the organization, that is, that a Podemos member cannot be affiliated with another political formation. This rule has been interpreted in many ways, and at first it came to be related to the possibility that people of Podemos who are currently very linked to Sumar, such as the Secretary of State for Social Rights, Nacho Álvarez, could not have a double formal affiliation.
However, on Saturday, the general secretary of Podem (the Podem brand in Catalonia), Conchi Abellán, advanced in the act of presentation of the document that the standard of double militance anticipates a “own route sheet” and own decisions for a Podem that shares many spaces with Ada Colau’s communes (although in no case a double militance in Catalonia takes place today).
Abellán’s statements were a warning to sailors of what the party intends to move with the political document approved on Saturday: Podemos has a series of own objectives that will not subsume in any other road sheet, nor that of Sumar.
Political and strategic differences with Sumar
If something makes clear the text (and also the act of this Saturday) is that the organizational and personal differences between the Morada formation and those of Yolanda Díaz are not only the fruit of the tensions lived in the last year and a half, brought to the extreme in the electoral agreement that excluded Irene Montero from the lists; Podemos has political and strategic differences with Sumar.
The document rejects two of the principles that Yolanda Díaz has turned into her symbols of identity: discreet and silent work and the escape from polarization and political confrontation. In the text, Podemos defends the noise to political goals: “the ordinary people always have little to win in the closed-door offices and much to win when debates open up on the street. Without noise, a coalition government is a step back and assimilation from the most transformative force to the most conservative,” the text reads.
Silence sows anti-politics, getting up with some and with others and making a lot of noise is the seed of hope, things are possible because the people want them to be possible. To be silent is to resign and conform, to let those who have commanded so far rule. The kisses and hugs are given by teaching the teeth to the powerful,” Irene Montero, number two of the party, said on Saturday.
One of the conclusions of this reflection that the party has made is that the process of the confluence of the left around Sumar of the last months has been “an operation that aimed at replacing Podemos by a left servile to the regime. We are not that kind of political project and, first of all, we do not want to be,” Ione Belarra said.
The change of direction of the organization occurs on the eve of an eventual investment of the secretary general of the PSOE, Pedro Sánchez, who is currently trying to get the necessary supports to overcome this parliamentary procedure. One of the points of the text recognises that “in any case, the votes of the and the representatives of Podemos in the institutions must be negotiated and never gifted.”
A “anecdotal” coalition government
Belarra and Montero denounced in the act that, in their judgment, the Executive who are negotiating Sánchez and Díaz is a Government “in which only the PSOE commands, in which Sánchez does and fails to his desire”. “Now they want that coalition government to be an anecdote and they say that our path of transformation has ended. The only magic formula that has happened to them is to try to replace Podemos with another party that does not bother those who rule without presenting themselves to the elections,” they said.
With this document, which has received numerous contributions from the militance in the last month, Podemos gives a map to the roadmap that the party set in the last Citizen Assembly, and that had as a basis “to make president to Yolanda Díaz” and weave a space in which Belarra reinforced the political organization while the leader of Sumar sought to widen the space in its entirety.
This collaboration has been damaging in the last year and a half, and it ended up dynamizing after the June election agreement to meet the 23J. Now the rupture with that strategy is written, rubriced and confirmed by the militance of Podemos; a new uncertain scenario opens up in the space of the alternative left.",https://www.publico.es/es/politica/podemos-completa-su-desconexion-de-sumar-y-toma-posicion-de-cara-a-la-investidura-de-sanchez/
1,"Javier de Andrés, el nuevo líder del PP vasco","Carlos Iturgaiz, que este sábado es sustituido en la presidencia del PP vasco por Javier de Andrés, ha señalado que deja la dirección tras «unir y coser» el partido.
Javier de Andrés sustituirá este sábado en la presidencia del PP vasco a Carlos Iturgaiz, que ha señalado que deja la dirección tras “unir y coser” el partido, después de la “profunda crisis” que vivió, y con el objetivo de haber crecido en votos y en representación institucional.
Iturgaiz se ha despedido de los afiliados del partido durante el XVI Congreso Regional del PP vasco, reunido este sábado en Vitoria. Este ha elegido a De Andrés para dirigir la formación, con el respaldo de Génova y arropado por el presidente nacional, Alberto Núñez Feijóo, y otros altos cargos de la formación, como la secretaria general, Cuca Gamarra.
En su intervención, Iturgaiz ha destacado que los votos logrados por el PP vasco en las últimas elecciones municipales y forales han hecho que el PP se haya convertido en Euskadi en un partido relevante y decisivo que ha “impedido gobernar” a EH Bildu en algunos ayuntamientos, como en el de Vitoria, y en otras instituciones, como la Diputación de Gipuzkoa.
“Me voy con la satisfacción del deber cumplido”, ha exclamado el presidente del PP vasco saliente. Ha tenido, además, un recuerdo para las víctimas del terrorismo que experimentó el PP vasco, “al que intentaron aniquilar” política y físicamente. Un “genocidio político” perpetrado por los “aliados políticos de Sánchez”.
También ha agradecido “la confianza, el apoyo y la cercanía” de Feijóo hacia todos los populares vascos. “Será un gran presidente de España para sacar a este país de la ruina del sanchismo”, ha opinado. Iturgaiz ha dado, asimismo, su respaldo a Javier de Andrés para emprender la nueva etapa.
En octubre de 2020, 16 años después de dejar la anterior presidencia del partido, volvió a dirigir la formación, meses después de que Alfonso Alonso dimitiera por discrepancias con Génova ante la negociación para la coalición del PP y Ciudadanos, que se presentó a las elecciones vascas de ese año.
El entonces presidente del PP, Pablo Casado, apostó por Iturgaiz, que había dejado la primera línea política al verse relegado a puestos en los que no tenía posibilidades de salir en las listas del PP para el Parlamento Europeo, para que fuera el candidato a lehendakari en las elecciones autonómicas de 2020. Así, fue elegido para dirigir el partido en Euskadi, pero no en un congreso, sino por la Junta Directiva regional.","Carlos Iturgaiz, who this Saturday is replaced in the presidency of the Basque PP by Javier de Andrés, has said that he leaves the direction after ""uniting and cutting"" the party.
Javier de Andrés will replace Carlos Iturgaiz on Saturday in the presidency of the Basque PP, who has stated that he leaves the direction after ""uniting and cutting"" the party, after the ""deep crisis"" he lived, and with the aim of growing in votes and in institutional representation.
Iturgaiz has said goodbye to the affiliates of the party during the XVI Regional Congress of the Basque PP, gathered this Saturday in Vitoria. He has chosen De Andrés to lead the formation, with the backing of Génova and robbed by the national president, Alberto Núñez Feijóo, and other high positions of the formation, such as the secretary general, Cuca Gamarra.
In his intervention, Iturgaiz highlighted that the votes achieved by the Basque PP in the last municipal and foral elections have made the PP in Euskadi into a relevant and decisive party that has “impeded governing” EH Bildu in some municipalities, such as Vitoria, and in other institutions, such as the Diputación de Gipuzkoa.
“I go with the satisfaction of the duty fulfilled,” the president of the outgoing Basque PP said. He has also had a reminder for the victims of terrorism experienced by the Basque PP, “who they tried to annihilate” politically and physically. A “political genocide” perpetrated by the “political allies of Sánchez”.
He also thanked “the trust, support and proximity” of Feijóo to all the Basque people. “It will be a great president of Spain to get this country out of the ruin of Sanchism,” he said. Iturgaiz has also given his support to Javier de Andrés to undertake the new stage.
In October 2020, 16 years after leaving the previous party presidency, he returned to lead the formation, months after Alfonso Alonso resigned for discrepancies with Génova before the negotiation for the PP and Ciudadanos coalition, which was presented to the Basque elections of that year.
The then president of the PP, Pablo Casado, pledged for Iturgaiz, who had left the first political line by being relegated to positions in which he did not have the possibility to go out on the PP lists for the European Parliament, so that he was the candidate for lehendakari in the 2020 autonomous elections. Thus, he was elected to lead the party in Euskadi, but not in a congress, but by the regional Board of Directors.",https://www.publico.es/es/politica/javier-de-andres-el-nuevo-lider-del-pp-vasco/
2,"Belarra, tras la aprobación de la nueva hoja de ruta del partido: “Teníamos que frenar la operación para sustituir a Podemos”","Podemos ya tiene una nueva hoja de ruta para afrontar la próxima legislatura. La secretaria general del partido, Ione Belarra, ha anunciado este sábado los resultados de la votación del documento que contiene las bases de la estrategia política que seguirá la organización a partir de ahora, una estrategia en la que se pone distancia y se refuerza la autonomía respecto a Sumar.
Belarra ha defendido que “teníamos que frenar en seco la operación que tenía por objetivo sustituir a Podemos por una izquierda servil al régimen. No somos ese tipo de proyecto político y, ante todo, no lo queremos ser”.
La secretaria general de Podemos ha mostrado su “preocupación” por el hecho de que, a su juicio, el Gobierno de coalición que está conformando Pedro Sánchez con Yolanda Díaz será un Ejecutivo “en el que sólo manda el PSOE, en el que Sánchez hace y deshace a su antojo”.
La número dos del partido, Irene Montero, ha defendido que “ahora quieren que ese Gobierno de coalición sea una anécdota y que nuestro camino de transformación ha terminado. La única fórmula mágica que se les ha ocurrido es intentar sustituir a Podemos por otro partido que no incomode a los que mandan sin presentarse a las elecciones”.
En la votación del documento que recoge la nueva hoja de ruta de la organización han participado un total de 30.883 personas. Un 86,59% han votado a favor del texto, es decir, 26.741 inscritos; en la consulta que la dirección del partido realizó en junio para que la militancia delegara la decisión sobre la coalición con Sumar en la cúpula dirigida por Belarra participaron 52.000 personas.
La intención de este documento es adaptar la estrategia de Podemos a la situación actual para dar carpetazo al mandato de la última Asamblea Ciudadana, donde los inscritos mandataron impulsar el liderazgo de Yolanda Díaz en el espacio de la izquierda alternativa. El giro se produce en base a una propuesta de la dirección y con el refrendo y las aportaciones de la militancia, pero sin celebrar una asamblea, que es el procedimiento habitual para elegir la hoja de ruta y a la cúpula de la organización.
La prohibición de la doble militancia en los comuns
En el último mes, la propuesta de la dirección ha recibido numerosas aportaciones de los círculos y de otras entidades territoriales y militantes del partido. En líneas generales el texto establece la autonomía y la diferenciación de Podemos en el espacio de la izquierda alternativa y fija las reglas tanto de futuras alianzas con otros partidos como en la votación de una eventual investidura.
El texto prohíbe, por ejemplo, la doble militancia en Podemos (que se pueda estar afiliado a la formación morada y a Sumar al mismo tiempo) y obliga a celebrar primarias abiertas ante cualquier acuerdo de alianza con otras organizaciones.
La secretaria general de Podem (la marca de Podemos en Catalunya), Conchi Abellán, ha avanzado durante el acto de presentación de los resultados de la votación que la prohibición de la doble militancia también afectará a esta formación, que en la actualidad está integrada en los comuns de Ada Colau.","We can now have a new roadmap for the next legislature. The general secretary of the party, Ione Belarra, announced on Saturday the results of the vote of the document that contains the bases of the political strategy that will follow the organization from now on, a strategy in which distance is put and autonomy is reinforced with respect to Sumar.
Belarra has argued that “we had to slow down the operation that aimed to replace Podemos with a servile left to the regime. We are not that kind of political project and, above all, we do not want to be.”
The secretary-general of Podemos has shown her “preoccupation” with the fact that, in her judgment, the coalition government that is conforming Pedro Sánchez with Yolanda Díaz will be an Executive “in which only the PSOE commands, in which Sánchez does and dismisses his wish”.
The number two of the party, Irene Montero, has defended that “now they want that coalition government to be an anecdote and that our path of transformation has ended. The only magic formula that has happened to them is to try to replace Podemos with another party that doesn’t bother those who rule without presenting themselves to the elections.”
A total of 30,883 people participated in the voting of the document containing the new roadmap of the organization. A 86,59% voted in favor of the text, that is, 26.741 registered; in the consultation that the party’s direction made in June for the militance to delegate the decision on the coalition with Sumar in the dome led by Belarra participated 52.000 people.
The intention of this document is to adapt the strategy of Podemos to the current situation to map the mandate of the last Citizen Assembly, where the registered mandated to drive the leadership of Yolanda Díaz in the space of the alternative left. The turn takes place on the basis of a proposal from the leadership and with the vote and contributions of the militance, but without holding an assembly, which is the usual procedure for choosing the roadmap and the organization's dome.
Prohibition of Double Militancy in the Commonwealth
In the last month, the proposal of the management has received numerous contributions from the circles and other territorial entities and militants of the party. In general, the text establishes the autonomy and differentiation of Podemos in the space of the alternative left and sets the rules of both future alliances with other parties and in the vote of an eventual investment.
The text prohibits, for example, double militance in Podemos (who can be affiliated with the resident formation and Sumar at the same time) and obliges to hold open primaries before any agreement of alliance with other organizations.
The general secretary of Podem (the Podemos brand in Catalonia), Conchi Abellán, has advanced during the presentation of the results of the vote that the prohibition of the double militance will also affect this formation, which is currently integrated into Ada Colau's communes.",https://www.publico.es/es/politica/belarra-teniamos-que-frenar-la-operacion-para-sustituir-a-podemos-por-una-izquierda-servil-al-regimen/
3,Consignas franquistas y gritos de “Sánchez a prisión” frente a la sede del PSOE en Madrid,"Los manifestantes concentrados en Ferraz protestaban contra los acuerdos del PSOE con ERC
Varios cientos de personas convocadas a través de las redes sociales se han concentrado este viernes contra la ley de amnistía y el Gobierno de Pedro Sánchez y han pedido “unidad nacional” en las proximidades de la sede del PSOE de la calle Ferraz, en Madrid, después de que la policía les impidiera concentrarse justo frente a las puertas de las oficinas del partido.
Con el lema “No a la amnistía”, los manifestantes han mostrado su rechazo al pacto alcanzado por el PSOE con ERC y especialmente contra una posible amnistía al expresidente de la Generalitat, Carles Puigdemont, en Bélgica desde el referéndum ilegal en Catalunya de 2017.
En varias ocasiones han gritado “Puigdemont a prisión” y en la cabecera de la manifestación había un cartel grande que decía “Pedro Sánchez a prisión”.
Sánchez y Puigdemont han sido contra quienes se han dirigido la mayor parte de los gritos durante la concentración.
La petición de unidad nacional ha sido la principal exigencia y se han escuchado cánticos como “España una, y no 51” o “No nos engañen, Catalunya es España”.
La pretensión de los manifestantes era situarse delante de la sede de Ferraz, si bien desde horas antes la Policía había acordonado la zona, por lo que la multitud ha tenido que situarse en unos números más abajo de la calle.
“Dejadnos pasar», han reclamado a la policía los participantes en la protesta, en la que se han ondeado banderas de España y alguna de Cataluña.","Demonstrators in Ferraz protest against PSOE’s agreement with ERC
Several hundred people called through social networks have concentrated on Friday against the amnesty law and the government of Pedro Sánchez and have asked for “national unity” in the vicinity of the PSOE headquarters on Ferraz Street, in Madrid, after the police prevented them from concentrating right in front of the doors of the party’s offices.
With the slogan “No to amnesty”, the protesters have shown their rejection of the pact reached by the PSOE with ERC and especially against a possible amnesty to the former president of the Generalitat, Carles Puigdemont, in Belgium since the illegal referendum in Catalonia in 2017.
On several occasions they shouted “Puigdemont in prison” and on the head of the demonstration there was a large poster saying “Pedro Sánchez in prison”.
Sánchez and Puigdemont have been against those who have directed most of the screams during the concentration.
The petition for national unity has been the main demand and songs like “Spain one, not 51” or “Don’t fool us, Catalonia is Spain” have been heard.
The pretension of the protesters was to sit in front of the headquarters of Ferraz, although hours earlier the police had agreed to the area, so the crowd had to be located in a few numbers below the street.
“Let us pass,” the protesters have called on the police, in which flags of Spain and some of Catalonia have been waved.",https://www.publico.es/es/politica/consignas-franquistas-y-gritos-de-sanchez-a-prision-frente-a-la-sede-del-psoe-en-madrid/
4,"Podemos e IU, en alerta por el reparto ministerial entre Pedro Sánchez y Yolanda Díaz","Ambas organizaciones consultarán a su militancia su apoyo a la investidura de Sánchez. Su inclusión en el Ejecutivo podría depender del número de carteras que pacten el PSOE y Sumar.
La falta de acuerdo entre el PSOE y Junts ha desacelerado una investidura de Pedro Sánchez que esta semana, por momentos, parecía inminente. Este viernes, estaba escrito que la presidenta del Congreso, la socialista Francina Armengol, convocaría el Pleno para mediados de la semana próxima. En cuestión de días, por tanto, un nuevo Gobierno de coalición tomaría posesión. Aunque Carles Puigdemont haya enfriado las prisas, esa posibilidad sigue encima de la mesa, y el revuelo en el seno del PSOE y de los partidos que conforman Sumar está garantizado por la expectación sobre quiénes asumirán las carteras ministeriales.
Por el momento, hay una variable que dificulta acertar en las quinielas: todavía no está asegurado el número de ministerios que conformarán el próximo Ejecutivo. Sánchez, según fuentes de Sumar, dice unos días un número más amplio que otros, cuando reduce el Gobierno. Ante esta situación, hay partidos de la coalición de izquierdas que ayer se veían sentados en el Consejo de Ministros y hoy se ven fuera.
Es el caso de IU, que este jueves celebraba una Coordinadora Federal. El órgano dirigido por Alberto Garzón debatió con tensión acerca de las posibilidades de entrar a formar parte del próximo Ejecutivo presidido por Sánchez si este resulta investido, de nuevo, presidente. Algunas fuentes presentes en la reunión aseguran que esta semana ven más difícil un ministerio para IU que en el pasado.
El entorno de Yolanda Díaz no oculta que la vicepresidenta en funciones ha defendido en algunas ocasiones la presencia de perfiles técnicos, expertos y profesionales en las carteras ministeriales, por encima de dirigentes de los partidos políticos. Pero en IU afean que suenan nombres para ocupar estos puestos en el Gobierno que, por el contrario, sí que forman parte de organizaciones. Es el caso de Mónica García, líder de Más Madrid, a la que algunos sitúan al frente a Sanidad; o de comuns, muchos dan por hecho que la confluencia catalana volverá a tener sillón en la coalición gubernamental.
En IU, tanto el entorno más cercano al coordinador federal Garzón, como el más próximo a la dirección del PCE, cuyo secretario general es el diputado Enrique Santiago, consideran justo tener representación en un ministerio. La formación se ha volcado con Sumar y con Díaz desde que cogió las riendas, y ya se quedaron fuera del reparto de portavocías en el grupo parlamentario del Congreso.
Un ministerio para Podemos
La formación liderada por Garzón ha convocado a la militancia a un referéndum interno. Las votaciones online finalizarán este sábado a las 22 horas, pero se podrá votar en urna en las sedes del partido durante la jornada del domingo. La pregunta pactada por la Coordinadora Federal de IU para la consulta es: “En base al acuerdo de gobierno acordado entre Sumar y PSOE ¿Estás de acuerdo con que IU participe en un Gobierno de coalición Sumar y PSOE?”. Los resultados de esta consulta se darán a conocer, en principio, el próximo lunes.
Otra variable que influye en el reparto de las carteras que corresponderán a Sumar es si Podemos contará o no con una de ellas. Aunque no ha trascendido demasiada información de las negociaciones entre Sánchez y Díaz, en principio la formación morada no parecía entrar en este reparto, sobre todo si se parte de la premisa de que la primera intención del PSOE era la de reducir el número de carteras respecto a la legislatura pasada.
Ahora hay dos claves que apuntan a un eventual vuelco en este escenario. La primera es que los de Belarra se encuentran inmersos en un proceso de rearme identitario y de emancipación de Sumar para tener las manos libres durante la legislatura. Algunas voces de la propia formación morada trasladan que su inclusión en el Gobierno anticiparía una legislatura más tranquila que si se quedaran fuera, un escenario este último en el que Podemos ya ha advertido de que sus votos “valdrían lo mismo que los de ERC o el PNV”.
La segunda clave reside en los cambios constantes sobre el volumen ministerial en la negociación. No es lo mismo que Díaz afronte un reparto en el seno de su espacio con cinco carteras en el bolsillo, a que lo haga con tres o cuatro. De las condiciones en las que salga la vicepresidenta de su negociación con el PSOE depende en buena medida el reparto dentro del espacio de la izquierda alternativa.
En el caso de Podemos, además, la cuestión no sólo reside en si finalmente lideran un departamento o no. Los de Belarra han especificado qué departamento quieren y cuál sería la persona designada para ello. Su objetivo es que Irene Montero y su equipo sigan al frente de Igualdad en esta legislatura y, de hecho, es una petición que no sólo le han trasladado a Díaz, sino también al propio Sánchez (junto con medidas programáticas que finalmente no fueron recogidas en el acuerdo rubricado entre el PSOE y Sumar).
Podemos también consultará a su militancia sobre el apoyo a la investidura de Sánchez
De momento, la formación morada no tiene constancia de ninguna propuesta oficial por parte de Sánchez o de Díaz para que ocupen una cartera, pero han insistido en varias ocasiones en que son los órganos del partido los que eligen qué cargos institucionales ocupan sus dirigentes. También Podemos consultará a su militancia sobre el eventual apoyo a la investidura de Pedro Sánchez, pero sin circunscribirlo al acuerdo de Gobierno rubricado entre PSOE y Sumar. Esta consulta se lanzará a los inscritos de Podemos cuando se conozca la fecha del debate de investidura.","Both organizations will consult their militancy on their support for Sánchez’s investment. Its inclusion in the Executive could depend on the number of portfolios that the PSOE and Sumar agree.
The lack of agreement between the PSOE and Junts has slowed down an investment of Pedro Sánchez that this week, for moments, seemed imminent. On Friday, it was written that the president of Congress, Socialist Francina Armengol, would convene the Plenary for mid-week next. In a matter of days, therefore, a new coalition government would take office. Although Carles Puigdemont has cooled the pressures, that possibility remains on the table, and the riot within the PSOE and the parties that make up Sumar is guaranteed by the expectation of who will take over the ministerial portfolios.
At the moment, there is a variable that makes it difficult to hit the quinielles: the number of ministries that will form the next Executive is still not ensured. Sánchez, according to Sumar sources, says a few days a broader number than others, when the Government reduces. In the face of this situation, there are parties of the left-wing coalition that yesterday were sitting in the Council of Ministers and today are outside.
It is the case of IU, which this Thursday celebrated a Federal Coordinator. The body led by Alberto Garzón has debated with tension about the possibilities of entering into the next Executive chaired by Sánchez if he is invested, again, president. Some sources at the meeting assure that this week they see a ministry more difficult for IU than in the past.
The environment of Yolanda Díaz does not hide that the vice-president in functions has defended in some occasions the presence of technical profiles, experts and professionals in ministerial portfolios, above the leaders of political parties. But in IU they say that they sound names to occupy these positions in the Government that, on the contrary, are part of organizations. It is the case of Mónica García, leader of Más Madrid, to which some place at the head of Sanidad; or of common, many give for granted that the Catalan confluence will again have a chair in the government coalition.
In IU, both the surrounding closest to the federal coordinator Garzón, as well as the closest to the direction of the PCE, whose general secretary is Deputy Enrique Santiago, consider it just to have representation in a ministry. The formation has been overwhelmed with Sumar and Díaz since he took the reins, and they have already stayed out of the distribution of spokesmen in the parliamentary group of Congress.
A ministry for us
The formation led by Garzón has called for the militance to hold an internal referendum. The online voting will be held on Saturday at 10 p.m., but voting will be possible in the party headquarters on Sunday. The question asked by the Federal Coordinator of IU for the consultation is: “On the basis of the government agreement agreed between Sumar and PSOE Do you agree that IU participate in a government of coalition Sumar and PSOE?”. The results of this consultation will be announced, in principle, next Monday.
Another variable that influences the distribution of the portfolios that will correspond to Sumar is whether or not Podemos will have one of them. Although it has not transcended too much information from the negotiations between Sánchez and Díaz, in principle the Morada formation did not seem to enter this division, especially if it comes from the premise that the first intention of the PSOE was to reduce the number of portfolios with respect to the previous legislature.
Now there are two keys that point to an eventual twist in this scenario. The first is that Belarra are immersed in a process of identity rearmament and emancipation of Sumar to have free hands during the legislature. Some voices from the Morada formation themselves say that their inclusion in the Government would anticipate a quieter legislature than if they were left, a scenario this latter in which Podemos has already warned that their votes “would be the same as those of ERC or the PNV”.
The second key lies in the constant changes on the ministerial volume in the negotiation. It’s not the same thing that Díaz faces a split in his space with five portfolios in his pocket, that he does it with three or four. From the conditions in which the vice-president comes out of his negotiation with the PSOE depends to a great extent the distribution within the space of the alternative left.
In the case of Podemos, in addition, the question is not only whether they finally lead a department or not. The Belarra have specified what department they want and what would be the person designated for it. Its objective is that Irene Montero and his team continue to lead Equality in this legislature and, in fact, it is a petition that not only has been transferred to Díaz, but also to Sánchez himself (along with programmatic measures that were finally not collected in the agreement rubriced between PSOE and Sumar).
We will also consult his militance on support for Sánchez's investidure
At the moment, the residential formation has no evidence of any official proposal by Sánchez or Díaz to occupy a portfolio, but they have insisted on several occasions that it is the party organs that choose what institutional positions their leaders occupy. We will also consult his militance on the eventual support for Pedro Sánchez’s investment, but without circumscribing it to the government agreement rubriced between PSOE and Sumar. This consultation will be launched to the registered members of Podemos when the date of the investment debate is known.",https://www.publico.es/es/politica/podemos-e-iu-en-alerta-por-el-reparto-ministerial-entre-pedro-sanchez-y-yolanda-diaz/
5,"La fecha de investidura, a la espera de Puigdemont","La decisión sobre la fecha de investidura sigue en stand by. Es la presidenta de la Cámara Baja, Francina Armengol, la encargada de fijarla y su equipo ha sido claro desde el primer día. “Vamos a hacer lo que esté en nuestra mano para facilitar la investidura a los candidatos”. Lo prometían ya en tiempos de la investidura de Alberto Núñez Feijóo. “Lo hicimos con el popular y lo estamos haciendo ahora con Pedro Sánchez”, zanjan, este viernes, en conversación con Público.
Así las cosas, hasta que Sánchez no cierre todos los acuerdos necesarios y se los traslade a Armengol, la presidenta no fijará la fecha de investidura. Hoy por hoy, con el acuerdo con Esquerra Republicana ya cerrado, es Junts per Catalunya, la fuerza política que lidera Carles Puigdemont desde Bruselas, el gran escollo que tiene que salvar Pedro Sánchez. Sin los siete votos de Junts, todo el resto de acuerdos quedarían reducidos a la irrelevancia.
El paso de las horas y las noticias de Bélgica han ido diluyendo las previsiones de que PSOE y Junts pudieran alcanzar un acuerdo durante la jornada de este viernes; algo que habría activado la posibilidad de que Armengol anunciara, a continuación, una fecha para la investidura. Nada más lejos de la realidad. Según ha trascendido, las discrepancias entre los dos equipos de negociación acerca del perímetro de la amnistía —es decir, hasta dónde abarca— mantienen el acuerdo encallado.
Ya por la mañana, Jordi Turull, secretario general de Junts, ha quebrado cualquier expectativa de entendimiento temprano. Así se ha expresado en una nota a la dirección de su partido, según adelantó La Vanguardia. “Vienen horas y días de mucha tensión”. Horas y días. Ha venido a completar, de alguna forma, las palabras que posteó Carles Puigdemont, el jueves por la tarde, en la red social X: “No cambiaremos la prudencia y las precauciones que hemos mantenido hasta ahora por más prisas que algunos tengan”.
Se espera, por tanto, que las negociaciones se alarguen, al menos, durante el fin de semana. Es un clima —muy espeso e, incluso, receloso— que contrasta con la sintonía de la que, aparentemente, han gozado los socialistas con Esquerra Republicana. En el acuerdo que hicieron público el 2 de noviembre, los independentistas liderados por Oriol Junqueras se comprometían a apoyar la investidura de Pedro Sánchez a cambio de la ley de amnistía, la cesión de Rodalies y la condonación de 15.000 millones de euros de la deuda catalana.
Es un punto, ese último, que ha despertado las más feroces críticas por parte del Partido Popular y que ha copado gran parte del debate de la jornada, incluso por encima de la amnistía.
Por su parte, también el Bloque Nacionalista Galego (BNG) ha encaminado su acuerdo con el PSOE. Tal y como ha adelantado Público a media mañana, los nacionalistas gallegos han pactado con los socialistas que el PSOE se comprometa a aliviar también la deuda de Galicia. En su caso, no a través de la condonación total o parcial que acordaron los socialistas con ERC para las comunidades que se acogieron al Fondo de Liquidez Autonómica (FLA), sino a través de “medidas de compensación análogas”, según reza el principio de acuerdo.
Sin restricciones para la fecha de investidura
Las fuerzas vascas, por el momento, guardan silencio. EH Bildu, desde el minuto uno, expresó su voluntad de facilitar la investidura de Sánchez, pero todavía no ha trascendido ningún acuerdo. Algo más tibio parece el PNV. En cualquier caso, todos los partidos saben que esta negociación, en la que Sánchez necesita los votos para su investidura, es el momento en el que más pueden apretar y del que más frutos pueden recoger.
Fuentes parlamentarias socialistas recuerdan que la presidenta del Congreso tiene la potestad de fijar la fecha de investidura cuando quiera, “sin necesidad de que pase por la Mesa de la Cámara ni por la Junta de Portavoces”. Con lo cual, Armengol no tendría restricciones, en ese sentido, para convocar el debate. Por otra parte, la Mesa ha acordado, este viernes, habilitar todos los días festivos (desde ahora, hasta el 27 de noviembre, el último día que tiene Sánchez para ser investido) para que se lleven a cabo plenos. También, por supuesto, el jueves día 9 de noviembre, festivo local en la ciudad de Madrid.
Las cábalas, por tanto, están servidas. En cualquier caso, fuentes de la presidencia del Congreso confirman a Público que, por deferencia con los diputados, se convocará una breve Junta de Portavoces antes del eventual pleno de investidura.","The decision on the date of the investment is still in stand by. It is the president of the lower house, Francina Armengol, who is in charge of fixing it and her team has been clear from the first day. “We will do everything in our hands to facilitate the investment of candidates.” This was promised in the time of Alberto Núñez Feijóo’s investment. “We did it with the popular and we are doing it now with Pedro Sánchez,” they said, on Friday, in a conversation with Público.
So things, until Sánchez does not close all the necessary agreements and transfer them to Armengol, the president will not fix the date of investorship. Today, with the agreement with Esquerra Republicana already closed, it is Junts per Catalunya, the political force that leads Carles Puigdemont from Brussels, the great scourge that has to save Pedro Sánchez. Without the seven votes of Junts, all the other agreements would be reduced to irrelevance.
The passing of the hours and news from Belgium have diluted the forecasts that PSOE and Junts could reach an agreement during the day on Friday; something that would have activated the possibility that Armengol would then announce a date for the investment. Nothing further from reality. According to him, the discrepancies between the two negotiating teams about the perimeter of the amnesty — that is, to what extent it encompasses — keep the agreement stuck.
Already in the morning, Jordi Turull, secretary general of Junts, has broken any expectation of early understanding. This was stated in a note to the leadership of his party, according to La Vanguardia. “There are hours and days of great tension.” hours and days. He came to complete, in some way, the words that Carles Puigdemont posted on Thursday afternoon on the social network X: “We will not change the prudence and precautions that we haveined until now for more pressures that some have.”
Negotiations are expected to be extended at least over the weekend. It is a climate — very thick and even reckless — that contrasts with the sintony that apparently socialists have with the Republican Left. In the agreement they made public on November 2, the independentists led by Oriol Junqueras were committed to supporting Pedro Sánchez’s investment in exchange for the amnesty law, the transfer of Rodalies and the condonation of 15 billion euros of Catalan debt.
It is a point, the latter, that has awakened the most fierce criticisms on the part of the Popular Party and that has copied much of the debate of the day, even above the amnesty.
The Gallego Nationalist Bloc (BNG) has also signed an agreement with the PSOE. As it has advanced Public at midnight, the Galician nationalists have agreed with the socialists that the PSOE undertakes to relieve the debt of Galicia as well. If so, not through the total or partial condemnation that the socialists agreed with ERC for the communities that were welcomed to the Autonomous Liquidity Fund (FLA), but through “analogue compensation measures”, according to the agreement principle.
No restrictions on the date of investment
For the time being, the Basque forces remain silent. EH Bildu, from the first minute, expressed his will to facilitate Sánchez’s investment, but has yet to transcend any agreement. Somewhat quieter looks like the PNV. In any case, all parties know that this negotiation, in which Sánchez needs the votes for his investment, is the moment in which they can tighten the most and from which they can collect more fruits.
Socialist parliamentary sources recall that the president of the Congress has the power to fix the date of investorship when she wants, “without the need to pass through the Chamber Table or the Board of Speakers.” Accordingly, Armengol would have no restrictions, in that sense, to convene the debate. On the other hand, the Board has agreed, this Friday, to enable all holidays (from now until November 27, the last day that Sánchez has to be invested) so that they take place plenaries. Also, of course, on Thursday, November 9, a local holiday in the city of Madrid.
The cockroaches are served. In any case, sources from the presidency of the Congress confirm to Público that, by deference with the deputies, a brief Board of Speakers will be convened before the eventual plenary session of investors.",https://www.publico.es/es/politica/la-fecha-de-investidura-a-la-espera-de-puigdemont/
6,"La figura del verificador entre el PSOE y ERC, un primer paso hacia la supervisión de las negociaciones del conflicto catalán","Los socialistas aceptan que una entidad internacional supervise sus conversaciones con los republicanos, aunque rechazan que forme parte de la Mesa de Diálogo entre gobiernos.
La figura del mediador es una figura que sobrevuela habitualmente la mayoría de los numerosos conflictos políticos, con o sin violencia, que se producen hasta en el último rincón del planeta. Se plantea como pieza clave para la resolución de conflictos, y es una figura habitualmente codiciada por la parte más débil y rechazada por la parte fuerte. El débil lo considera un refuerzo a sus planteamientos y el fuerte un obstáculo para sus imposiciones.
También es habitualmente una figura que permite a una parte intentar internacionalizar el conflicto, mientras la otra acostumbra a querer evitarlo. En el caso de los Estados, alegando que se trata de un asunto interno en el que no se debe inmiscuir ningún actor exterior.
Este planteamiento encajaría también en el conflicto político entre Catalunya y el Estado español, que desembocó en el referéndum y la declaración de independencia del 2017, con graves consecuencias judiciales posteriores. Y, por ello, el independentismo catalán clama desde hace años exigiendo esta figura del mediador, mientras que el Gobierno español la rechaza, apelando a esa consideración de asunto interno, a pesar de haber reconocido la existencia de un conflicto político.
Pero el acuerdo de investidura entre el PSOE y ERC parece haber movido un poco las posiciones y, aunque no se puede hablar de mediadores, sí ha conseguido colarse la figura del verificador. Quizás como primer paso en la supervisión de las negociaciones para la resolución del conflicto catalán.
Espacio de negociación y verificador
El acuerdo establecido entre el PSOE y ERC para la investidura de Pedro Sánchez dice, literalmente, que paralelamente a la Mesa de Diálogo y Negociación entre gobiernos que continuará los trabajos de la legislatura pasada, “se creará un espacio de negociación entre ambos partidos que cuente con un mecanismo que tenga las funciones de acompañar, verificar y realizar seguimiento de todo el proceso de negociación y de los acuerdos a los que se llegue”.
Fuentes de la negociación explican a Público que este verificador se circunscribe exclusivamente a las conversaciones entre el PSOE y ERC, en un comité de relaciones entre socialistas y republicanos, en las que participarán miembros de los dos partidos. En ningún caso la verificación se producirá en la Mesa de Diálogo, en la que se sentarán exclusivamente miembros de ambos ejecutivos sin participación externa alguna.
El PSOE acepta dos propuestas de verificadores de ERC
Según fuentes de Esquerra durante una conversación informal con un grupo de periodistas —entre los que se encontraba Público—, el PSOE habría aceptado ya dos de las propuestas de la media docena de entidades u organizaciones internacionales especializadas en resolución de conflictos que han aportado por los republicanos. Aunque se reservan dar nombres a la espera de que alguna de estas dos organizaciones acepte el encargo o lo declinen.
El paso para activar este mecanismo de verificación deberá darlo ahora el PSOE, con un contacto para demandar estos servicios con la organización finalmente elegida, ya que el protocolo de estos casos requiere se active el proceso de verificación a instancias de las dos partes.
Estamos, pues, lejos de poder hablar de mediadores —y mucho menos en la esfera institucional— entre el Gobierno español y el de la Generalitat. Y los expertos en resolución de conflictos consultados apuntan que la fórmula de supervisar las conversaciones entre los dos partidos —pero no la Mesa de Diálogo— “no es lo más óptimo, pero si las partes lo aceptan, se puede realizar”.
Estos expertos alertan también de la dificultad que implica que las negociaciones se den por separado entre el PSOE, ERC y Junts, aunque estos últimos también dispongan de alguna figura similar. De hecho, este sería un punto a pulir entre Junts y el PSOE, que mantiene encallado a última hora el acuerdo de investidura. Ahora bien, los expertos ven con normalidad estas dificultades, ya que aseguran que la fragmentación de actores en las partes enfrentadas, especialmente en la más débil, es un fenómeno muy habitual.
Los efectos en la Mesa de Diálogo
Los efectos en la Mesa de Diálogo
Pero esta verificación que ha aceptado el PSOE no es menor, dado que el acuerdo de investidura también establece que ese “espacio de negociación” o “comité de relaciones” entre los dos partidos tiene “la finalidad de que las propuestas que lleguen a la Mesa de Diálogo, Negociación y Acuerdo cuenten con un ritmo de trabajo constante y con un grado óptimos de debate y compromiso político y puedan implementarse durante la presente legislatura”.
Y, aunque los trabajos finales en esa Mesa de Diálogo entre gobiernos y sus acuerdos no contarán con la verificación, la supervisión previa de un tercero “puede ayudar a evitar malentendidos, disonancias, interpretaciones divergentes o erróneas y facilitar los trabajos y, por consiguiente, los acuerdos”, aseguran fuentes de la negociación.
El acuerdo fija que “a tal fin, se designará de mutuo acuerdo a una persona de reconocido prestigio para realizar dichas tareas”. Dirigentes de Esquerra han explicado en la conversación informal de este martes con un grupo de periodistas que no se trataría de una persona física como tal, sino más bien de una entidad de reconocido prestigio, que designaría a uno o diversos miembros de sus equipos de trabajo para realizar la verificación. Pero que, en cualquier caso, es la entidad u organización como tal quién respondería frente a una controversia o conflicto entre los dos partidos.
La ratificación y continuidad de la Mesa de Diálogo era una de las tres condiciones que exigía Esquerra para el acuerdo de investidura, junto a la amnistía y la carpeta social de la financiación, y el traspaso de Rodalies.
«Ahora deberemos centrarnos en la resolución del conflicto político por vías exclusivamente políticas y democráticas, y nosotros proponemos el referéndum de autodeterminación pactado», aseguran desde ERC.
En cambio, el PSOE rechaza la posibilidad de ese referéndum, y en el acuerdo solo figura que “también debe abordarse el debate sobre la forma en que los acuerdos a los que se puede llegar sobre el marco político de Catalunya puedan ser refrendados por el pueblo catalán”.
Las categorías de los expertos en resolución de conflictos
Las categorías de los expertos en resolución de conflictos
Los expertos en resolución de conflictos políticos alertan de que existe una gran confusión en las nomenclaturas, y que no es lo mismo un mediador que un relator o un verificador, entre muchas otras figuras y fórmulas que existen a la hora de intervenir en el intento de resolver un conflicto político.
La figura del de mediador sería el rango más alto, pero es muy poco frecuente, ya que es una figura que, en las negociaciones, se sitúa al mismo nivel que las partes. “Lo que pasa es que muchas veces se confunde lo que es un relator o verificador con el mediador”, asegura una experta “y sus funciones y estatus son radicalmente diferentes”.
En la resolución de conflictos, el mediador es la figura más intervencionista, y puede proponer a las partes la agenda a seguir o puntos del orden del día de las reuniones. También es alguien que propone una solución y que actúa como una tercera parte.
Otra figura sería el facilitador, que tiene entre sus funciones dinamizar las reuniones para que se desarrollen positivamente, incluso desde el punto de vista de la logística. También existe el relator, que actúa tomando notas. Y, finalmente, un verificador que sería quien se cerciora de que se cumple lo pactado. Esta sería la figura incluida en el acuerdo entre el PSOE y ERC.
Si el conflicto entre Catalunya y el estado realmente llega algún día a una negociación clásica de resolución de conflictos, antes de llegar al mediador, requerirá de figuras previas, pero no menos indispensables.
Entre ellas, el explorador, que mira las intenciones y disposiciones reales de las partes; el preparador, que habilita a alguna de las partes para que esté en condiciones de sentarse en una mesa de negociación; o el convocante, que invita solemnemente a las partes a sentarse para negociar. Y, posteriormente, otros actores como el incentivador (con propuestas económicas o políticas) o el unificador (que agrupa a las disidencias que puedan surgir).
En cualquiera de sus variantes, los expertos en resolución de conflictos tienen dos premisas: prudencia y confidencialidad respecto a las conversaciones, y discreción para pasar inadvertidos. Lo cual no quiere decir que no haya algunos muy conocidos, como George Mitchell en el caso irlandés o el obispo sudafricano Desmond Tutu.
En Europa existe una larga tradición de organizaciones ligadas a universidades o fundaciones dedicadas a estas labores. Por ejemplo, en Suiza o los países nórdicos, con Noruega a la cabeza. La Fundación Olof Palme sería un claro exponente.
El trabajo discreto de Rovira en Suiza
El trabajo discreto de Rovira en Suiza
En el caso del conflicto catalán, este primer paso de verificación internacional, ni se ha improvisado, ni sale de la nada. Tiene mucho que ver con la elección que hizo la secretaria general de Esquerra, Marta Rovira, del país para pasar su exilio. Eligió justamente en la ciudad suiza de Ginebra, un epicentro de este tipo de organizaciones.
Rovira se trasladó en 2018 a Suiza para evitar la cárcel que comportaba su imputación por rebelión, la cual hubiera derivado en sedición. Y, aunque el delito decayó con la reforma del Código Penal, se ha mantenido en territorio suizo, dado que ya se esperaba la imputación como presunta dirigente de Tsunami Democràtic, que se ha oficializado este viernes por parte de la Audiencia Nacional. Imputación que comporta una acusación de terrorismo, y que la amnistía pactada contempla después de una dura negociación.
Rovira ha realizado un exhaustivo trabajo en el ámbito de la resolución de conflictos y Esquerra ha contado con el asesoramiento de algunos destacados expertos para encarar la negociación con el Gobierno español estos últimos años.
Los republicanos catalanes, además, han contado con la experiencia de algunos de sus socios internacionales inmersos en conflictos, aunque de naturaleza violenta y por tanto muy diferente a la del catalán, que es estrictamente pacífico. Es el caso de la izquierda abertzale, con EH Bildu; o de Irlanda, con los dirigentes del Sinn Féin y con Gerry Adams al frente. A estos últimos visitó hace pocos días el presidente de Esquerra, Oriol Junqueras, y hace unos meses el president de la Generalitat, Pere Aragonès.
La dirección de Esquerra lo reconocía este martes sin ambages, aunque de manera informal a un grupo de periodistas. “No hemos llegado solos hasta aquí. Nos han acompañado y nos han asesorado algunas fundaciones de carácter internacional y algunos mediadores de conflictos. Y queríamos que esto quedara reflejado de alguna manera en este acuerdo de investidura”.
“De momento nace entre los dos partidos, el PSOE y ERC” admiten los republicanos, pero recuerdan que en el foro entre partidos también habrá miembros del Govern, que formarán parte de la Mesa de Diálogo, Negociación y Acuerdo, donde veremos si se cierra o no el anhelado pacto que resuelva el complejo conflicto político entre Catalunya y el Estado español.","The Socialists accept that an international entity oversee their conversations with the Republicans, although they refuse to be part of the Intergovernmental Dialogue Table.
The mediator figure is a figure that usually overlooks most of the numerous political conflicts, with or without violence, that occur even in the last corner of the planet. He poses himself as a key piece for conflict resolution, and is a figure usually coveted by the weaker side and rejected by the strong side. The weak view it as a reinforcement of their approaches and the strong as an obstacle to their impositions.
It is also usually a figure that allows one party to try to internationalize the conflict, while the other usually wants to avoid it. In the case of states, arguing that this is an internal matter in which no external actor should be involved.
This approach would also fit into the political conflict between Catalonia and the Spanish state, which resulted in the referendum and the declaration of independence in 2017, with serious judicial consequences later. And, for this reason, Catalan independentism has been calling for years demanding this figure of the mediator, while the Spanish Government rejects it, appealing to that consideration of internal matter, despite having recognized the existence of a political conflict.
But the investment agreement between the PSOE and ERC seems to have moved the positions a little and, although it is not possible to talk about mediators, it has managed to catch the figure of the verifier. Per as a first step in overseeing the negotiations for the resolution of the Catalan conflict.
Negotiation and Verifier
The agreement established between the PSOE and ERC for Pedro Sánchez’s investment says, literally, that in parallel to the Dialogue and Negotiation Table between governments that will continue the work of the past legislature, “a negotiation space will be created between both parties that has a mechanism that has the functions of accompanying, verifying and monitoring the entire process of negotiation and the agreements reached.”
Sources from the negotiations explained to Público that this verifier is exclusively circumscribed to the conversations between the PSOE and ERC, in a committee of relations between socialists and republicans, in which members of the two parties will participate. In no case shall the verification be carried out at the Dialogue Table, in which exclusively members of both executives shall sit without any external participation.
The PSOE accepts two proposals of ERC verificators
According to sources from Esquerra during an informal conversation with a group of journalists —among which was Público—, the PSOE would have accepted two of the proposals of the half dozen of international entities or organizations specialized in conflict resolution that have been provided by the Republicans. Although they reserve to give names waiting for any of these two organizations to accept the order or decline it.
The step to activate this verification mechanism must now be given by the PSOE, with a contact to demand these services with the finally chosen organization, since the protocol of these cases requires the activation of the verification process at the instances of both parties.
We are, then, far from being able to talk about mediators —and much less in the institutional sphere — between the Spanish Government and the Generalitat. And the experts in conflict resolution consulted point out that the formula of overseeing the conversations between the two parties – but not the Dialogue Table – “is not the most optimal, but if the parties accept it, it can be carried out.”
These experts also warn of the difficulty that involves negotiations being held separately between the PSOE, ERC and Junts, although the latter also have some similar figure. In fact, this would be a point to be polished between Junts and the PSOE, which keeps the investment agreement stuck at the last minute. Now, experts see these difficulties normally, as they assure that the fragmentation of actors in the opposing parties, especially in the weakest, is a very common phenomenon.
Effects on the Dialogue Table
Effects on the Dialogue Table
But this verification that the PSOE has accepted is not minor, given that the investment agreement also establishes that that “space of negotiation” or “committee of relations” between the two parties has “the purpose that the proposals that arrive at the Table of Dialogue, Negotiation and Agreement have a constant pace of work and with an optimal degree of debate and political commitment and can be implemented during the present legislature”.
And, although the final work at that Dialogue Table between governments and their agreements will not be verified, prior supervision by a third party “may help to avoid misunderstandings, disagreements, divergence or misinterpretations and facilitate the work and, consequently, the agreements,” negotiating sources say.
The agreement stipulates that “to this end, a person of recognized prestige shall be designated by mutual agreement to carry out such tasks.” Leaders of Esquerra explained in the informal conversation on Tuesday with a group of journalists that it would not be a natural person as such, but rather an entity of recognized prestige, which would designate one or several members of their work teams to carry out the verification. But that, in any case, it is the entity or organization as such who would respond to a controversy or conflict between the two parties.
The ratification and continuity of the Dialogue Table was one of the three conditions Esquerra required for the investment agreement, along with amnesty and the social folder of funding, and the transfer of Neighbors.
“Now we must focus on resolving the political conflict exclusively by political and democratic means, and we propose the agreed referendum on self-determination,” they said.
Instead, the PSOE rejects the possibility of that referendum, and in the agreement only appears that “the debate should also be addressed on the way that the agreements that can be reached on the political framework of Catalonia can be approved by the Catalan people.”
The categories of experts in conflict resolution
The categories of experts in conflict resolution
Experts in resolution of political conflicts alert that there is a great confusion in the nomenclatures, and that it is not the same a mediator as a rapporteur or a verifier, among many other figures and formulas that exist when intervening in the attempt to resolve a political conflict.
The figure of mediator would be the highest rank, but it is very uncommon, since it is a figure that, in negotiations, is situated at the same level as the parties. “What happens is that many times it is confused what a rapporteur or verifier is with the mediator,” assures an expert, “and its functions and status are radically different.”
In conflict resolution, the mediator is the most interventionist figure, and can propose to the parties the agenda to follow or points of the agenda of the meetings. It is also someone who proposes a solution and acts as a third party.
Another figure would be the facilitator, which has among its functions to dynamize meetings so that they develop positively, even from the point of view of logistics. There is also the speaker, who acts by taking notes. And, finally, a verifier who would be the one who ensures that what is agreed is fulfilled. This would be the figure included in the agreement between the PSOE and ERC.
If the conflict between Catalonia and the state really comes some day to a classic negotiation of conflict resolution, before reaching the mediator, it will require prior figures, but not less indispensable.
Among them, the explorer, who looks at the real intentions and arrangements of the parties; the preparer, who enables any of the parties to be in a position to sit at a negotiating table; or the caller, who solemnly invites the parties to sit down to negotiate. And, subsequently, other actors such as the incentivator (with economic or political proposals) or the unifier (which groups the dissent that may arise).
In any of its variants, conflict resolution experts have two premises: prudence and confidentiality with regard to conversations, and discretion to go unnoticed. This does not mean that there are not some very well-known, such as George Mitchell in the Irish case or the South African bishop Desmond Tutu.
In Europe there is a long tradition of organizations linked to universities or foundations dedicated to these tasks. For example, in Switzerland or the Nordic countries, with Norway at the head. The Olof Palme Foundation would be a clear exponent.
Rovira’s discreet work in Switzerland
Rovira’s discreet work in Switzerland
In the case of the Catalan conflict, this first step of international verification has neither improvised nor come out of nowhere. It has much to do with the choice made by the general secretary of Esquerra, Marta Rovira, from the country to spend her exile. He chose just in the Swiss city of Geneva, an epicenter of this type of organizations.
Rovira moved to Switzerland in 2018 to escape the prison he was charged with rebellion, which would have resulted in sedition. And, although the crime decayed with the reform of the Penal Code, it has remained on Swiss territory, given that the prosecution was already expected as the alleged leader of Tsunami Democràtic, which has been officialized this Friday by the National Audience. It is an accusation of terrorism, and the amnesty agreed on after a tough negotiation.
Rovira has carried out extensive work in the field of conflict resolution and Esquerra has had the advice of some prominent experts to deal with the Spanish government in recent years.
The Catalan Republicans, in addition, have had the experience of some of their international partners immersed in conflicts, although of a violent nature and therefore very different to that of the Catalan, which is strictly peaceful. It is the case of the abertzale left, with EH Bildu; or of Ireland, with the leaders of the Sinn Féin and with Gerry Adams at the forefront. The latter were visited just a few days ago by the president of Esquerra, Oriol Junqueras, and a few months ago by the president of the Generalitat, Pere Aragonès.
The headquarters of Esquerra recognized it this Tuesday without ambages, although informally to a group of journalists. “We haven’t come here alone. We have been accompanied and advised by some international foundations and some conflict mediators. And we wanted this to be reflected somehow in this investment agreement.”
“At the moment it is born between the two parties, the PSOE and ERC” the republicans admit, but remember that in the forum between parties there will also be members of the Govern, who will form part of the Table of Dialogue, Negotiation and Agreement, where we will see whether or not the long-awaited pact that resolves the complex political conflict between Catalonia and the Spanish state is closed.",https://www.publico.es/es/politica/la-figura-del-verificador-entre-el-psoe-y-erc-un-primer-paso-hacia-la-supervision-de-las-negociaciones-del-conflicto-catalan/
7,Podemos abre una nueva etapa para desligarse política y estratégicamente de Sumar,"La militancia de la formación morada vota la nueva hoja de ruta del partido que, entre otros elementos, plantea su autonomía respecto a Yolanda Díaz
Podemos concluye este sábado el proceso de renovación de la hoja de ruta que seguirá el partido durante la próxima legislatura. En septiembre, los de Ione Belarra lanzaron un documento con una serie de bases que asentaban la estrategia de la organización y corregían el rumbo que tomó en su última Asamblea Ciudadana, en la que se designó a Belarra como secretaria general.
En ese cónclave, celebrado en 2021, se decidió apostar de manera decidida por que Yolanda Díaz asumiera el liderazgo del espacio de Unidas Podemos. Dos años después, la situación política ha cambiado mucho, las relaciones entre Belarra y Díaz, y entre Podemos y Sumar, no son las mismas, y la formación morada considera que es el momento de trazar una nueva senda que recoja el escenario actual.
El documento ha recibido numerosas aportaciones de la militancia en distintos niveles territoriales, y después de un proceso de debate abierto se somete ahora a votación de los inscritos (que decidirán si validan o no el texto entre el jueves y el viernes). Finalmente, este sábado Belarra presentará los resultados de la votación en una conferencia política que Podemos celebra en Madrid.
El documento fija las claves sobre las que se asentará la organización de cara a la próxima legislatura y, al menos, hasta que se celebre una asamblea ciudadana para renovar cargos y objetivos. Las principales claves son el rearme identitario y refuerzo de Podemos, la autonomía estratégica y política de los de Belarra frente a Sumar, y las nuevas reglas que el partido seguirá a la hora de trazar alianzas con otras formaciones.
“Es importante seguir trabajando para que Podemos mantenga su identidad diferenciadora dentro del bloque progresista. Una identidad que nos ha llevado a lograr cambios que parecían imposibles y que nos llevará a seguir impulsando las transformaciones mucho más lejos”, reza una de las aportaciones de la militancia aceptadas e incluidas en el documento final que se someterá a votación.
Autonomía y prohibición de la doble militancia
También respecto a su posición en este bloque, el texto recoge la “responsabilidad de proteger nuestra autonomía como fuerza política diferenciada y nuestra capacidad de tomar decisiones” y, prosigue el informe, “no debemos renunciar a alzar la voz ni a concretar un proyecto transformador y autónomo con capacidad para liderar sin doblegarse ni perder nuestra autonomía frente a otras formaciones”.
En este apartado de autonomía política se mantiene la redacción original que prohíbe la doble militancia a los inscritos de Podemos (por ejemplo, militar a la vez en Podemos y en Sumar) y se añade que esto no estará permitido “en ningún caso”. También se introduce como mandato la imposibilidad de “disolverse” en otros partidos o espacios.
“Podemos es una fuerza política autónoma con voz propia, que tendrá siempre su propia hoja de ruta, su programa, sus órganos de dirección y sus mecanismos de decisión protagonizados por la militancia y las y los inscritos. En ningún caso se disolverá en otro partido”, recoge el informe.
La autonomía y diferenciación respecto a Sumar también es estratégica. El documento de Podemos rechaza de manera tajante los discursos contrarios al “ruido” y a la “polarización” que han abanderado dirigentes como la propia vicepresidenta segunda del Gobierno, Yolanda Díaz.
“Frente a esos intereses políticos y altavoces mediáticos, nosotras reivindicamos el ruido, que significa no callar ante las injusticias y levantar la voz con el objetivo de lograr los avances que necesita nuestro país”; “la gente corriente siempre tiene poco que ganar en los despachos a puerta cerrada y mucho que ganar cuando los debates se abren a la calle. Sin ruido, un Gobierno de coalición es retroceso y asimilación de la fuerza más transformadora a la más conservadora”, defiende el documento de Podemos.
La “polarización” y el “ruido”
“La polarización se ha planteado como una equiparación entre cambio democrático y reacción antidemocrática, como una escala espuria en la que los dos extremos son por un lado la justicia social y por el otro el fascismo. Esa noción de polarización es falsa y enemiga de los avances democráticos. La polarización no es la relación entre el avance y la reacción, entre la justicia social y la defensa de privilegios. La verdadera polarización es la desigualdad”, se plantea en el documento.
Respecto a las alianzas con otras formaciones políticas, a los gobiernos de coalición y a los eventuales apoyos en investiduras también se establecen nuevas reglas en el seno del partido. “Para apoyar o formar parte de cualquier gobierno de coalición en el futuro debe incorporarse una parte sustancial del programa de Podemos”, añade una de las aportaciones al texto, en un momento en el que los de Belarra han defendido que Sumar negoció el acuerdo de coalición con el PSOE sin contar con ellos y sin incorporar sus reivindicaciones.
“En cualquier caso, los votos de los y las representantes de Podemos en las instituciones se deben negociar y nunca se regalan”, avisan en el texto, justo a las puertas de una eventual investidura de Pedro Sánchez. Sobre las relaciones en el espacio de la izquierda se recoge que “las alianzas con otras formaciones políticas se trabajarán y articularán con el objetivo de maximizar nuestra capacidad de cambio desde las instituciones y siempre desde el respeto mutuo a la autonomía de las distintas fuerzas políticas y con la celebración de primarias abiertas”.
Este sábado al mediodía se conocerá si la militancia del partido refrenda finalmente el documento que sienta las bases de un Podemos más autónomo, diferenciado y alejado del proyecto liderado por Yolanda Díaz.","The militancy of the Morada formation votes the new roadmap of the party that, among other elements, poses its autonomy with regard to Yolanda Díaz
We conclude on Saturday the process of renewing the roadmap that will follow the party during the next legislature. In September, Ione Belarra launched a document with a series of bases that set the strategy of the organization and corrected the course it took in its last Citizen Assembly, in which Belarra was appointed as secretary general.
At that conclave, held in 2021, it was decided to bet decisively for Yolanda Díaz to take over the leadership of the space of Unidas Podemos. Two years later, the political situation has changed a lot, the relations between Belarra and Díaz, and between Podemos and Sumar, are not the same, and the Morada formation considers that it is time to draw a new path that collects the current scene.
The document has received numerous contributions from the militancy at different territorial levels, and after an open debate process is now submitted to the voting of the registered (who will decide whether or not to validate the text between Thursday and Friday). Finally, on Saturday, Belarra will present the results of the vote at a political conference that Podemos celebrates in Madrid.
The document sets the keys on which the organization will sit in the face of the next legislature and, at least, until a citizen assembly is held to renew positions and objectives. The main keys are the identity rearm and reinforcement of Podemos, the strategic and political autonomy of Belarra against Sumar, and the new rules that the party will follow when drawing alliances with other formations.
“It is important to continue to work so that Podemosins its differentiating identity within the progressive bloc. An identity that has led us to changes that seemed impossible and that will lead us to continue pushing the transformations much further,” reads one of the militancy’s contributions accepted and included in the final document that will be submitted to vote.
Autonomy and prohibition of double militance
Also with regard to its position in this bloc, the text recognises the “responsibility to protect our autonomy as a differentiated political force and our ability to make decisions” and, the report continues, “we must not renounce to raise our voice or to concrete a transformative and autonomous project with the ability to lead without folding or losing our autonomy against other formations.”
In this section of political autonomy, the original wording that prohibits the double militance of the registered members of Podemos (for example, military at the same time in Podemos and Sumar) isined and it is added that this will not be allowed “in any case”. It also introduces as a mandate the impossibility of “dissolving” in other parties or spaces.
“Podemos is an autonomous political force with its own voice, which will always have its own roadmap, its program, its management bodies and its decision-making mechanisms protagonized by the militants and the registered. In no case will it be dissolved in another party,” the report said.
The autonomy and differentiation with respect to Sumar is also strategic. The Podemos document sharply rejects the discourses contrary to “noise” and “polarization” that leadership such as the government’s second vice president, Yolanda Díaz, has flattered.
“Front those political interests and media speakers, we claim the noise, which means not to silence before injustice and raise the voice with the aim of achieving the advances that our country needs”; “the ordinary people always have little to win in the closed-door offices and much to win when debates open to the street. “Without noise, a coalition government is a step back and assimilation of the most transformative force to the most conservative,” the document said.
“Polarization” and “Noise”
“Polarization has been posed as an equalization between democratic change and antidemocratic reaction, as a sparkling scale in which the two extremes are, on the one hand, social justice and, on the other, fascism. That notion of polarization is false and enemy of democratic advances. Polarization is not the relationship between advance and reaction, between social justice and the defense of privileges. The real polarization is inequality,” the report said.
With regard to alliances with other political formations, coalition governments and eventual support for investures, new rules are also established within the party. “To support or form part of any coalition government in the future must incorporate a substantial part of the Podemos program”, adds one of the contributions to the text, at a time when Belarra have defended that Sumar negotiated the coalition agreement with the PSOE without having them and without incorporating their claims.
“In any case, the votes of the representatives of Podemos in the institutions must be negotiated and never gifted,” the text says, right at the doorstep of an eventual investidure of Pedro Sánchez. “The alliances with other political formations will be worked and articulated with the aim of maximizing our capacity for change from the institutions and always from mutual respect for the autonomy of the different political forces and with the celebration of open primaries.”
This Saturday at noon it will be known if the militance of the party finally approves the document that sets the foundations for a more autonomous, differentiated and away from the project led by Yolanda Díaz.",https://www.publico.es/es/politica/podemos-abre-una-nueva-etapa-para-desligarse-politica-y-estrategicamente-de-sumar/
8,Un juzgado de Madrid estudiará el 13 de noviembre una medida cautelar para paralizar la tramitación de la amnistía,"Una mujer ha presentado una demanda, con la solicitud cautelar de paralización de la tramitación en el Congreso de la futura ley de amnistía, cuando aún no se conoce el texto de la proposición de ley.
El Juzgado de Primera Instancia Número 104 de Madrid estudiará el 13 de noviembre la petición de medida cautelar de una mujer de paralizar la tramitación parlamentaria de la futura ley de amnistía en el Congreso, en el marco de una demanda presentada contra los grupos parlamentarios del PSOE, Junts, ERC, Sumar, así como contra la Mesa y la presidencia del Congreso.
En una diligencia de ordenación, a la que ha tenido acceso Público, la letrada de la Administración de Justicia ha declarado la competencia del juzgado para conocer de la medida cautelar solicitada y ha convocado a la mujer demandante a la vista del 13 de noviembre, a las diez y media de la mañana.
Según adelanta Europa Press, la demanda de esta particular se centra en una posible vulneración del derecho a la igualdad, “ya que se pretende amnistiar a unas personas determinadas mediante un acto político y no de justicia rogada o de gracia”.
La firmante, M.M.V.M., entiende que “la futura aprobación de dicha amnistía puede estar vulnerando sus derechos” y “el principio constitucional de la interdicción de la arbitrariedad de los poderes públicos recogido en la Constitución”.
En este sentido, recalca que las autoridades “no pueden tomar decisiones arbitrarias entendiéndose por tales, fundamentalmente, aquellas que supongan una infracción del principio de igualdad de trato de los administrados ante la aplicación de la ley y las reglas objetivamente determinadas”.","A woman has filed a lawsuit, with the cautelar request to halt the processing in Congress of the future amnesty law, when the text of the bill is still unknown.
The First Instance Court No. 104 of Madrid will study on November 13 the petition of a woman's cautelar measure to paralyze the parliamentary process of the future amnesty law in Congress, in the framework of a lawsuit filed against the parliamentary groups of PSOE, Junts, ERC, Sumar, as well as against the Mesa and the presidency of Congress.
In a diligence of ordering, to which it has had access Public, the letter of the Justice Administration has declared the jurisdiction of the court to know of the cautelar measure requested and has called the woman demandant to the view of November 13, at ten and a half in the morning.
According to Europa Press, the demand for this particular is centered on a possible violation of the right to equality, “since it is intended to amnestiate a certain person by means of a political act and not of praying justice or grace.”
The signatory, M.M.V.M., understands that “the future approval of the amnesty may be violating their rights” and “the constitutional principle of the prohibition of the arbitration of public powers contained in the Constitution”.
In this sense, it recalls that the authorities “cannot make arbitrary decisions understood as such, fundamentally, those that constitute an infringement of the principle of equal treatment of those administered before the application of the law and objectively determined rules”.",https://www.publico.es/es/politica/un-juzgado-de-madrid-estudiara-el-13-de-noviembre-una-medida-cautelar-de-paralizar-la-tramitacion-de-la-amnistia/
9,La Audiencia Nacional abre juicio por terrorismo contra 12 miembros de los CDR,"La amnistía pactada entre PSOE y ERC incluye a los 12 activistas independentistas en el olvido judicial, pero la Audiencia valida el relato del juez instructor de una causa que arrancó en septiembre del 2019.
La sala penal de la Audiencia Nacional ha confirmado el sumario de la instrucción contra 12 activistas de los CDR -comités de defensa de la República- procesados en la denominada operación Judas y ha acordado la apertura de juicio oral contra ellos bajo la acusación de pertenencia a organización terrorista. La decisión llega cuando se está pendiente de que se cierre el acuerdo definitivo para la Ley de amnistía entre PSOE y Junts, pero el entendimiento al que ya llegaron los socialistas y republicanos sobre la normativa incorpora la causa contra los CDR, que se beneficiarían del olvido judicial. Si la amnistía sale adelante, por tanto, los activistas independentistas no serían juzgados por la Audiencia Nacional.
En concreto, la sala penal ha confirmado la resolución del sumario de la causa dictado en abril por el juzgado de instrucción número 6 de la propia Audiencia. Aparte de procesarlos por pertenencia a organización terrorista, a ocho de los CDR también les atribuye el delito de tenencia, depósito y fabricación de explosivos de carácter terrorista. La instrucción del magistrado atribuía a los activistas la pertenencia a un fantasmal -y desconocido- Equipo de Respuesta Táctica (ERT), un grupúsculo que, siempre según su interpretación, pretendía conseguir la independencia de Catalunya a través de acciones violentas.
La operación Judas se desarrolló inicialmente el 23 de septiembre de 2019, con varios registros y nueve detenciones en casas de municipios del Vallès Occidental, Vallès Oriental y Osona. Por último, el volumen de detenidos llegarían a ser 13, pero uno de los casos ya fue archivado hace un año y medio. De los primeros detenidos, siete fueron encarcelados preventivamente durante tres meses en Soto del Real, centro del cual salieron en libertad bajo fianza.
La operación generó una fuerte movilización en contra, con manifestaciones y actos de apoyo a los detenidos que en algunos casos reunieron a miles de personas. Pese a que el relato acusador ha ido perdiendo fuerza ante la falta de pruebas y la denuncia de irregularidades del Proceso que han hecho entidades como Alerta Solidaria, la Audiencia Nacional ha decidido echar por el derecho y abrir juicio contra los activistas. Un juicio que la amnistía estaría cerca de enterrar.","The amnesty agreed between PSOE and ERC includes the 12 independent activists in the judicial forgetfulness, but the Audience validates the story of the judge instructor of a cause that began in September 2019.
The National Criminal Court has confirmed the summary of the instruction against 12 activists of the CDR -committees of defense of the Republic- prosecuted in the so-called Judas operation and has agreed on the opening of oral trial against them under the accusation of belonging to a terrorist organization. The decision comes when it is pending that the definitive agreement for the Amnesty Law between PSOE and Junts is closed, but the understanding that socialists and republicans have already reached on the regulation incorporates the cause against the CDR, which would benefit from the judicial forgetfulness. If the amnesty goes ahead, therefore, the independentist activists would not be tried by the National Audience.
In particular, the criminal room has confirmed the resolution of the summary of the cause dictated in April by the instruction court number 6 of the Audience itself. In addition to prosecuting them for belonging to a terrorist organization, eight CDRs are also charged with possession, storage and manufacture of terrorist explosives. The magistrate’s instruction attributed the activists to belonging to a ghostly – and unknown – Tactical Response Team (ERT), a group that, according to its interpretation, intended to independence of Catalonia through violent actions.
The Judas operation was initially launched on September 23, 2019, with several records and nine arrests in houses in the municipalities of Vallès Occidental, Vallès Oriental and Osona. Lastly, the number of detainees would reach 13, but one of the cases was filed a year and a half ago. Of the first detainees, seven were imprisoned preventively for three months in Soto del Real, the center of which they were released under bail.
The operation generated a strong mobilization against it, with demonstrations and acts of support to the detainees that in some cases gathered thousands of people. Despite the fact that the accusing story has been losing force in the absence of evidence and the denunciation of irregularities of the Process that have made entities such as Alerta Solidaria, the National Audience has decided to cast for the right and open trial against the activists. A judgment that amnesty would be close to buriing.",https://www.publico.es/es/politica/la-audiencia-nacional-abre-juicio-por-terrorismo-contra-doce-miembros-de-los-cdr/
